country,n,beta_LL,beta_LH,beta_HH,beta_AKS,beta_t1,beta_t2,t1_target_zero,t2_target_zero
AL,23,-1.226431706862372,-3.0014605339237295,-0.0005960801461138246,2.261411974078005,-6.286650534837954,9.090909091928556e-08,True,True
HR,24,-2.384386664563585,-3.995116101171278,-1.2940340017785938,1.6974368576234713,1.364349961419245,-3.8201765782114228,False,True
BA,39,-2.3061638252982375,-4.0115595773096535,-1.6809934722628568,3.299457261098576,1.321721139828217,-4.794637721610486,False,True
SK,47,-3.116604511714599,-5.536060818059529,-3.5250447278749264,-1.7640501801684636,0.6998893052997356,-1.51927790248328,False,True
RS,51,-1.8877698572554893,-3.8494023096365266,-2.1291080855330047,2.2910267286449075,-0.46686837532279524,0.0017797375602696683,False,False
CZ,67,-1.2828795734291332,-3.8306017962771812,-2.3494056540862633,3.839927617911912,0.0004531964797561783,-4.295804013077215,False,True
AT,113,-4.881089060615289,-6.6571818280287784,-4.3554776667627095,-2.341617386755286,0.09738594452398273,-0.0019120245075886406,False,True
BG,153,-5.397283909974157,-8.207284049152717,-5.969941068240094,-6.632199876218286,1.5535665465379094,-2.8104906198051562,False,True
PT,153,-3.947675260419882,-6.2459224927283294,-3.7395924160619574,0.4140968966753922,1.995949839488346,-0.41344341305446325,False,False
RO,169,-4.787623571840481,-6.5654275055247835,-4.045722401125977,-1.670071235866572,-0.42215737911803314,9.090909091928556e-08,False,True
CH,185,-4.920796980405043,-6.17343774232793,-3.9171949321329853,-1.4515138599681856,2.2358962998188217,-6.486880519444777,False,True
PL,246,-5.336432352838396,-7.158932679499788,-5.157180401320541,-4.341622804280238,2.25695760518134,-0.5569391331891336,False,False
IT,572,-6.327642929905323,-8.714136769353665,-5.823736307706942,-3.496057940544296,2.7623362225779706,-0.6784820800237363,False,False
DE,780,-6.404021787051734,-8.214530503682171,-6.484225442302905,-3.483885128302948,2.9028337491078284,-0.6158547026236821,False,False
ES,1066,-6.418882321986468,-8.358091755719897,-5.264713379914582,0.2782526709484018,2.3780573985154168,-0.48275520307716013,False,False
