country,n,m,k_mean,m_n,var_k,k_max,p_deg1,p_deg2,p_deg3,clustering,avg_path_len,diameter,assortativity,lambda2,t1,t2,n_L,n_H,m_LL,m_LH,m_HH,bridges,frac_bridge,art_points
AL,23,28,2.4347826086956523,1.2173913043478262,1.4631379962192812,5,0.30434782608695654,0.21739130434782608,0.4782608695652174,0.0,3.324110671936759,7,-0.028019323671498654,0.1683001980851123,0,0,18,5,21,3,4,9,0.32142857142857145,8
LV,24,28,2.3333333333333335,1.1666666666666667,0.7222222222222222,5,0.125,0.5,0.375,0.12916666666666668,4.503623188405797,11,0.09941520467836182,0.07321124001005702,2,0,0,24,0,0,28,8,0.2857142857142857,9
HR,24,27,2.25,1.125,1.5208333333333333,6,0.2916666666666667,0.4166666666666667,0.2916666666666667,0.1486111111111111,3.6920289855072466,7,-0.5127035830618888,0.14203417112073768,2,0,18,6,19,3,5,8,0.2962962962962963,7
LT,27,32,2.3703703703703702,1.1851851851851851,0.6035665294924554,4,0.1111111111111111,0.48148148148148145,0.4074074074074074,0.12345679012345678,4.923076923076923,12,0.1891891891891892,0.05794229670257148,3,0,0,27,0,0,32,3,0.09375,5
DK,33,35,2.121212121212121,1.0606060606060606,0.7731864095500459,4,0.21212121212121213,0.5757575757575758,0.21212121212121213,0.09090909090909091,5.464015151515151,13,-0.1971197119711973,0.05424918290167866,2,0,5,28,3,2,30,19,0.5428571428571428,18
BA,39,46,2.358974358974359,1.1794871794871795,1.973701512163051,6,0.3076923076923077,0.38461538461538464,0.3076923076923077,0.09743589743589744,4.139001349527665,10,-0.17860482513559017,0.07399671894224388,3,0,29,10,33,5,8,18,0.391304347826087,13
GR,40,48,2.4,1.2,1.19,6,0.225,0.325,0.45,0.07416666666666667,5.137179487179488,13,0.022589882278078663,0.061425069510841084,3,1,0,40,0,0,48,14,0.2916666666666667,13
SK,47,55,2.3404255319148937,1.1702127659574468,1.2458125848800363,6,0.23404255319148937,0.40425531914893614,0.3617021276595745,0.0425531914893617,4.970397779833488,11,-0.1835911230665767,0.07042990118215249,2,0,12,35,10,5,40,14,0.2545454545454545,12
RS,51,66,2.588235294117647,1.2941176470588236,2.1637831603229527,9,0.17647058823529413,0.4117647058823529,0.4117647058823529,0.09827264239028945,4.485490196078431,10,-0.1455473624503692,0.07913493500801115,4,1,26,25,31,10,25,11,0.16666666666666666,9
HU,55,71,2.581818181818182,1.290909090909091,2.134214876033058,7,0.2545454545454545,0.32727272727272727,0.41818181818181815,0.03636363636363636,4.4646464646464645,8,-0.34463657459390684,0.07854060363493733,2,0,22,33,21,9,41,15,0.2112676056338028,12
IE,56,69,2.4642857142857144,1.2321428571428572,1.1415816326530612,6,0.16071428571428573,0.4107142857142857,0.42857142857142855,0.04047619047619048,5.27012987012987,13,-0.11880587967873954,0.06521589086369976,3,1,52,4,62,4,3,14,0.2028985507246377,13
NL,60,67,2.2333333333333334,1.1166666666666667,1.1122222222222222,6,0.26666666666666666,0.38333333333333336,0.35,0.03888888888888889,6.99774011299435,15,-0.4355540676263802,0.023762229439486193,1,0,25,35,22,8,37,23,0.34328358208955223,15
CZ,67,90,2.6865671641791047,1.3432835820895523,2.7525061260859887,10,0.2835820895522388,0.23880597014925373,0.47761194029850745,0.049087893864013264,4.3943916779737675,10,-0.36118676479109835,0.12399303718850922,3,0,19,48,21,11,58,21,0.23333333333333334,16
BE,71,81,2.2816901408450705,1.1408450704225352,1.3572703828605435,6,0.2535211267605634,0.39436619718309857,0.352112676056338,0.05258215962441315,8.066800804828974,20,-0.2613663040926514,0.011782583336162451,4,0,26,45,26,7,48,27,0.3333333333333333,22
FI,105,127,2.419047619047619,1.2095238095238094,1.0624943310657597,8,0.12380952380952381,0.4857142857142857,0.3904761904761905,0.01968253968253968,7.748168498168498,19,-0.10092325040524433,0.021025954694866504,2,0,26,79,23,5,99,19,0.14960629921259844,18
AT,113,124,2.1946902654867255,1.0973451327433628,1.130237293445062,6,0.25663716814159293,0.4424778761061947,0.3008849557522124,0.005014749262536873,9.97977243994943,25,-0.007578309195015075,0.00743749393459618,1,0,64,49,61,15,48,46,0.3709677419354839,43
PT,153,214,2.7973856209150325,1.3986928104575163,2.6582938186167713,8,0.24183006535947713,0.22875816993464052,0.5294117647058824,0.10107376283846872,6.6874785001719985,16,-0.09494784310810525,0.03054520538890717,21,6,89,64,119,15,80,48,0.22429906542056074,37
BG,153,181,2.366013071895425,1.1830065359477124,1.1209363919859885,7,0.11764705882352941,0.6143790849673203,0.2679738562091503,0.031030189853719265,9.637942896456828,31,0.09195155163763938,0.007857108315896005,5,0,60,93,66,13,102,42,0.23204419889502761,40
RO,169,201,2.378698224852071,1.1893491124260356,1.3122089562690382,6,0.2485207100591716,0.33727810650887574,0.41420118343195267,0.004930966469428007,7.914342068188222,18,-0.07423404648661519,0.022984068148234057,1,0,102,67,105,22,74,56,0.27860696517412936,47
CH,185,235,2.5405405405405403,1.2702702702702702,1.8267348429510595,8,0.1891891891891892,0.40540540540540543,0.40540540540540543,0.07193050193050193,8.02867215041128,21,-0.024657243769424433,0.01962844772242554,11,0,141,44,164,27,44,51,0.2170212765957447,48
SE,209,259,2.478468899521531,1.2392344497607655,1.5414024404203204,8,0.21052631578947367,0.3827751196172249,0.40669856459330145,0.058304853041695144,8.505566801619434,22,-0.07293307660890383,0.022376793978113572,14,3,99,110,98,19,142,71,0.27413127413127414,63
PL,246,338,2.747967479674797,1.3739837398373984,1.7250974948773878,9,0.11382113821138211,0.4024390243902439,0.483739837398374,0.06471157568718544,10.069022731043637,42,-0.0020628512794294194,0.003344134659176863,19,2,132,114,159,40,139,59,0.17455621301775148,57
UA,262,329,2.5114503816793894,1.2557251908396947,1.2575024765456557,6,0.15648854961832062,0.4083969465648855,0.4351145038167939,0.06221374045801527,12.975841595741569,33,-0.14659328393654242,0.00627069504658485,17,0,86,176,91,19,219,59,0.17933130699088146,53
NO,288,334,2.3194444444444446,1.1597222222222223,0.7729552469135802,6,0.11805555555555555,0.5694444444444444,0.3125,0.015856481481481482,19.489184088269454,69,0.017325923504413834,0.0013905874006753618,4,0,1,287,0,2,332,81,0.24251497005988024,77
GB,503,614,2.441351888667992,1.220675944333996,1.0179321684208862,6,0.147117296222664,0.441351888667992,0.4115308151093439,0.03870112657388999,16.988610171639486,49,-0.096823687811868,0.001944030464222588,17,0,254,249,251,79,284,116,0.18892508143322476,101
IT,572,729,2.5489510489510487,1.2744755244755244,1.5133380605408577,8,0.15734265734265734,0.4370629370629371,0.40559440559440557,0.047261072261072255,14.119530207095881,43,0.00011194721359621984,0.002828273557442829,29,2,332,240,380,57,292,136,0.18655692729766804,130
DE,780,1010,2.58974358974359,1.294871794871795,1.5009204470742932,8,0.17051282051282052,0.3641025641025641,0.4653846153846154,0.04562576312576312,15.447098515519569,36,-0.013579710272573672,0.004780088781934112,32,2,325,455,334,148,528,187,0.18514851485148515,173
ES,1066,1307,2.452157598499062,1.226078799249531,1.8443339939244394,9,0.2795497185741088,0.27298311444652906,0.4474671669793621,0.02095729473778254,13.07592773652547,31,0.012333056993436151,0.004246598820051068,28,3,793,273,873,100,334,421,0.3221117061973986,348
FR,1201,1617,2.6927560366361365,1.3463780183180682,2.6158426124219267,10,0.21482098251457118,0.34970857618651124,0.43547044129891754,0.07682486816541771,12.023313905079101,27,-0.10648291354128506,0.005578444049024114,106,19,1009,192,1229,132,256,304,0.18800247371675943,258
