variant,candidate,coefficient,retained,C_best
original,t1,0.03368152995036713,True,0.001
original,t2,0.0,False,0.001
original,sig2,-7.065285035775794,True,0.001
original,sG,0.0,False,0.001
original,sig2L,4.5122244253728185,True,0.001
original,sig2H,5.750470039744001,True,0.001
original,S3,0.0,False,0.001
original,S4,0.0,False,0.001
original,t1_LL,0.0,False,0.001
original,t1_HH,0.019827066725648594,True,0.001
grid-extended,t1,0.040639458154384606,True,0.0002807216203941176
grid-extended,t2,0.0,False,0.0002807216203941176
grid-extended,sig2,-4.739374962134548,True,0.0002807216203941176
grid-extended,sG,0.0,False,0.0002807216203941176
grid-extended,sig2L,3.0130787526024947,True,0.0002807216203941176
grid-extended,sig2H,3.855387852547763,True,0.0002807216203941176
grid-extended,S3,0.0,False,0.0002807216203941176
grid-extended,S4,0.0,False,0.0002807216203941176
grid-extended,t1_LL,0.0,False,0.0002807216203941176
grid-extended,t1_HH,0.01414163225230421,True,0.0002807216203941176
no-reweight,t1,0.040568784317884424,True,0.007880462815669913
no-reweight,t2,0.0,False,0.007880462815669913
no-reweight,sig2,-6.605214685566895,True,0.007880462815669913
no-reweight,sG,0.0,False,0.007880462815669913
no-reweight,sig2L,4.2275329758000835,True,0.007880462815669913
no-reweight,sig2H,5.379951861393233,True,0.007880462815669913
no-reweight,S3,0.0,False,0.007880462815669913
no-reweight,S4,0.0,False,0.007880462815669913
no-reweight,t1_LL,0.0,False,0.007880462815669913
no-reweight,t1_HH,0.022928404146391353,True,0.007880462815669913
