country,term,beta,beta_e,m,t1,sig2,akstar
RS,t1,-1.0,-2.907894108588367,67,3,1.4886582083813915,11.375
RS,t1,-1.0,-2.907894108588367,74,0,1.7354863514033063,9.6484375
RS,t1,-1.0,-2.907894108588367,75,2,2.290657439446367,9.798828125
RS,t1,-1.0,-2.907894108588367,78,0,1.74163783160323,8.796875
RS,t1,-1.0,-2.907894108588367,73,0,1.6478277585544021,9.875
RS,t1,-0.85,-2.907894108588367,86,2,2.037677816224529,7.734375
RS,t1,-0.85,-2.907894108588367,70,0,1.40561322568243,10.375
RS,t1,-0.85,-2.907894108588367,62,0,1.421760861207228,12.5625
RS,t1,-0.85,-2.907894108588367,74,2,1.5786236063052672,9.609375
RS,t1,-0.85,-2.907894108588367,76,3,2.1368704344482894,9.9921875
RS,t1,-0.7,-2.907894108588367,75,3,2.3690888119953866,10.3515625
RS,t1,-0.7,-2.907894108588367,83,2,2.699730872741254,8.70703125
RS,t1,-0.7,-2.907894108588367,67,1,1.4886582083813917,11.171875
RS,t1,-0.7,-2.907894108588367,77,0,2.450595924644367,9.75390625
RS,t1,-0.7,-2.907894108588367,68,1,2.496732026143791,12.06640625
RS,t1,-0.55,-2.907894108588367,78,1,1.8985005767012688,8.9375
RS,t1,-0.55,-2.907894108588367,79,3,1.970780469050365,8.7890625
RS,t1,-0.55,-2.907894108588367,73,1,1.5301806997308722,9.625
RS,t1,-0.55,-2.907894108588367,69,1,1.7762399077277973,10.8984375
RS,t1,-0.55,-2.907894108588367,78,2,2.3298731257208765,9.0478515625
RS,t1,-0.4,-2.907894108588367,75,2,2.0553633217993084,9.8828125
RS,t1,-0.4,-2.907894108588367,70,2,1.9938485198000768,11.09375
RS,t1,-0.4,-2.907894108588367,80,2,1.7262591311034219,8.15625
RS,t1,-0.4,-2.907894108588367,69,0,1.4625144175317184,10.46875
RS,t1,-0.4,-2.907894108588367,71,4,2.4828911956939637,11.29296875
RS,t1,-0.25,-2.907894108588367,61,1,1.532487504805844,12.984375
RS,t1,-0.25,-2.907894108588367,75,4,1.9769319492502888,9.6328125
RS,t1,-0.25,-2.907894108588367,67,3,1.8808150711264902,11.7578125
RS,t1,-0.25,-2.907894108588367,61,2,1.5717031910803536,13.1875
RS,t1,-0.25,-2.907894108588367,74,3,2.2845059592464434,10.59375
RS,t1,-0.1,-2.907894108588367,78,2,2.3690888119953866,9.640625
RS,t1,-0.1,-2.907894108588367,75,2,2.565167243367936,10.283203125
RS,t1,-0.1,-2.907894108588367,69,3,1.5409457900807382,10.734375
RS,t1,-0.1,-2.907894108588367,70,3,1.6409073433294885,10.5
RS,t1,-0.1,-2.907894108588367,70,5,1.8369857747020377,10.9375
RS,t1,0.05,-2.907894108588367,80,6,2.745866974240677,9.4921875
RS,t1,0.05,-2.907894108588367,73,6,2.5890042291426374,11.5078125
RS,t1,0.05,-2.907894108588367,78,3,2.4475201845444063,9.859375
RS,t1,0.05,-2.907894108588367,81,6,3.910034602076125,10.3828125
RS,t1,0.05,-2.907894108588367,69,2,1.815455594002307,11.515625
RS,t1,0.2,-2.907894108588367,79,5,2.245290272971934,8.94921875
RS,t1,0.2,-2.907894108588367,70,5,1.5232602845059593,10.65625
RS,t1,0.2,-2.907894108588367,75,5,2.094579008073818,9.8828125
RS,t1,0.2,-2.907894108588367,84,7,2.4036908881199532,8.1484375
RS,t1,0.2,-2.907894108588367,71,2,1.8946559015763165,10.3828125
RS,t1,0.35,-2.907894108588367,86,7,2.8219915417147248,7.869140625
RS,t1,0.35,-2.907894108588367,88,9,3.071126489811611,8.359375
RS,t1,0.35,-2.907894108588367,84,8,2.8350634371395618,8.953125
RS,t1,0.35,-2.907894108588367,99,14,2.5743944636678204,5.75390625
RS,t1,0.35,-2.907894108588367,76,4,2.0192233756247595,9.53125
RS,t1,0.5,-2.907894108588367,74,4,2.0884275278738946,10.328125
RS,t1,0.5,-2.907894108588367,74,6,2.4805843906189926,10.9140625
RS,t1,0.5,-2.907894108588367,75,8,3.3494809688581317,11.1796875
RS,t1,0.5,-2.907894108588367,106,12,3.7793156478277585,6.01953125
RS,t1,0.5,-2.907894108588367,86,9,2.508266051518646,7.99609375
RS,t1,0.65,-2.907894108588367,94,14,2.646674356016917,6.70703125
RS,t1,0.65,-2.907894108588367,102,15,3.8823529411764706,6.474609375
RS,t1,0.65,-2.907894108588367,85,9,3.790849673202614,8.8427734375
RS,t1,0.65,-2.907894108588367,102,17,5.490196078431373,7.58203125
RS,t1,0.65,-2.907894108588367,101,24,4.743560169165705,6.859619140625
RS,t1,0.8,-2.907894108588367,1275,20825,0.0,4.529709940470639e-14
RS,t1,0.8,-2.907894108588367,1275,20825,0.0,4.529709940470639e-14
RS,t1,0.8,-2.907894108588367,1275,20825,0.0,4.529709940470639e-14
RS,t1,0.8,-2.907894108588367,1275,20825,0.0,4.529709940470639e-14
RS,t1,0.8,-2.907894108588367,1275,20825,0.0,4.529709940470639e-14
RS,t1,0.95,-2.907894108588367,1275,20825,0.0,4.529709940470639e-14
RS,t1,0.95,-2.907894108588367,1275,20825,0.0,4.529709940470639e-14
RS,t1,0.95,-2.907894108588367,1275,20825,0.0,4.529709940470639e-14
RS,t1,0.95,-2.907894108588367,1275,20825,0.0,4.529709940470639e-14
RS,t1,0.95,-2.907894108588367,1275,20825,0.0,4.529709940470639e-14
RS,t1,1.1,-2.907894108588367,1275,20825,0.0,4.529709940470639e-14
RS,t1,1.1,-2.907894108588367,1275,20825,0.0,4.529709940470639e-14
RS,t1,1.1,-2.907894108588367,1275,20825,0.0,4.529709940470639e-14
RS,t1,1.1,-2.907894108588367,1275,20825,0.0,4.529709940470639e-14
RS,t1,1.1,-2.907894108588367,1275,20825,0.0,4.529709940470639e-14
RS,sig2,-4.0,-2.907894108588367,67,3,1.449442522106882,11.1875
RS,sig2,-4.0,-2.907894108588367,79,5,1.9315647827758557,9.0625
RS,sig2,-4.0,-2.907894108588367,73,3,1.4909650134563628,9.546875
RS,sig2,-4.0,-2.907894108588367,79,0,1.5001922337562474,8.140625
RS,sig2,-4.0,-2.907894108588367,74,2,1.460976547481738,9.0234375
RS,sig2,-2.5,-2.907894108588367,73,2,2.5890042291426374,11.048828125
RS,sig2,-2.5,-2.907894108588367,78,2,1.3102652825836218,8.171875
RS,sig2,-2.5,-2.907894108588367,61,2,1.493271818531334,13.0
RS,sig2,-2.5,-2.907894108588367,68,0,1.3594771241830064,10.4375
RS,sig2,-2.5,-2.907894108588367,64,2,1.857747020376778,12.671875
RS,sig2,-1.0,-2.907894108588367,70,3,2.3075740099961553,11.4453125
RS,sig2,-1.0,-2.907894108588367,88,9,2.7574009996155326,7.9921875
RS,sig2,-1.0,-2.907894108588367,73,1,1.8831218762014605,9.72265625
RS,sig2,-1.0,-2.907894108588367,77,3,1.8623606305267202,9.2265625
RS,sig2,-1.0,-2.907894108588367,68,4,1.9477124183006536,11.3828125
RS,sig2,0.5,-2.907894108588367,76,2,2.4113802383698575,9.8515625
RS,sig2,0.5,-2.907894108588367,80,5,2.2360630526720495,8.79296875
RS,sig2,0.5,-2.907894108588367,75,2,1.7808535178777394,9.640625
RS,sig2,0.5,-2.907894108588367,74,2,1.8531334102268358,9.8046875
RS,sig2,0.5,-2.907894108588367,75,3,2.447520184544406,10.23046875
RS,sig2,2.0,-2.907894108588367,85,7,2.535947712418301,8.3203125
RS,sig2,2.0,-2.907894108588367,70,3,2.3075740099961553,11.4921875
RS,sig2,2.0,-2.907894108588367,78,2,2.525951557093426,9.8828125
RS,sig2,2.0,-2.907894108588367,77,1,2.4898116109188773,10.01953125
RS,sig2,2.0,-2.907894108588367,91,5,3.9315647827758564,8.0234375
RS,sig2,3.5,-2.907894108588367,75,7,3.545559400230681,11.5703125
RS,sig2,3.5,-2.907894108588367,77,4,4.803537101114956,11.024169921875
RS,sig2,3.5,-2.907894108588367,70,2,2.2683583237216456,11.8125
RS,sig2,3.5,-2.907894108588367,76,7,2.6074586697424067,10.20703125
RS,sig2,3.5,-2.907894108588367,92,10,4.708958093041138,9.00390625
RS,sig2,5.0,-2.907894108588367,162,191,117.87543252595155,4.4062500000000036
RS,sig2,5.0,-2.907894108588367,175,228,112.11841599384852,3.2734375000000053
RS,sig2,5.0,-2.907894108588367,169,212,114.90042291426374,3.7656250000000044
RS,sig2,5.0,-2.907894108588367,175,226,112.98116109188776,3.533203125000006
RS,sig2,5.0,-2.907894108588367,170,215,118.69281045751633,3.8828125000000027
RS,sig2,6.5,-2.907894108588367,168,208,118.83044982698965,3.9726562500000027
RS,sig2,6.5,-2.907894108588367,168,208,118.94809688581316,4.001953125000003
RS,sig2,6.5,-2.907894108588367,161,187,119.86236063052672,4.515625000000003
RS,sig2,6.5,-2.907894108588367,164,196,119.46097654748175,4.265625000000003
RS,sig2,6.5,-2.907894108588367,167,205,118.87504805843906,4.007812500000003
RS,sig2,8.0,-2.907894108588367,201,314,151.16262975778545,2.5000000000000036
RS,sig2,8.0,-2.907894108588367,199,306,151.8046905036524,2.6640625000000036
RS,sig2,8.0,-2.907894108588367,199,306,151.6870434448289,2.6250000000000036
RS,sig2,8.0,-2.907894108588367,202,318,151.05267204921182,2.5000000000000036
RS,sig2,8.0,-2.907894108588367,204,326,150.54901960784315,2.3906250000000036
RS,sig2,9.5,-2.907894108588367,197,298,152.238369857747,2.7656250000000036
RS,sig2,9.5,-2.907894108588367,203,322,150.82199154171477,2.4453125000000036
RS,sig2,9.5,-2.907894108588367,198,302,151.9838523644752,2.7031250000000036
RS,sig2,9.5,-2.907894108588367,202,318,151.05267204921185,2.5000000000000036
RS,sig2,9.5,-2.907894108588367,199,306,151.6870434448289,2.6250000000000036
RS,sig2,11.0,-2.907894108588367,196,294,152.45059592464435,2.8125000000000036
RS,sig2,11.0,-2.907894108588367,200,310,151.46559015763168,2.5781250000000036
RS,sig2,11.0,-2.907894108588367,198,302,151.94463667820068,2.6875000000000036
RS,sig2,11.0,-2.907894108588367,197,298,152.27758554402152,2.7812500000000036
RS,sig2,11.0,-2.907894108588367,198,302,151.94463667820068,2.6875000000000036
RS,sig2,12.5,-2.907894108588367,285,695,200.96885813148793,0.7031250000000053
RS,sig2,12.5,-2.907894108588367,285,695,200.96885813148793,0.7031250000000053
RS,sig2,12.5,-2.907894108588367,285,695,200.96885813148793,0.7031250000000053
RS,sig2,12.5,-2.907894108588367,286,701,200.6005382545175,0.6875000000000053
RS,sig2,12.5,-2.907894108588367,285,695,200.96885813148793,0.7031250000000053
RS,sig2,14.0,-2.907894108588367,329,959,218.9511726259131,0.3437500000000062
RS,sig2,14.0,-2.907894108588367,329,959,218.9511726259131,0.3437500000000062
RS,sig2,14.0,-2.907894108588367,329,959,218.9511726259131,0.3437500000000062
RS,sig2,14.0,-2.907894108588367,329,959,218.9511726259131,0.3437500000000062
RS,sig2,14.0,-2.907894108588367,329,959,218.9511726259131,0.3437500000000062
RS,sig2,15.5,-2.907894108588367,329,959,218.9511726259131,0.3437500000000062
RS,sig2,15.5,-2.907894108588367,329,959,218.9511726259131,0.3437500000000062
RS,sig2,15.5,-2.907894108588367,329,959,218.9511726259131,0.3437500000000062
RS,sig2,15.5,-2.907894108588367,329,959,218.9511726259131,0.3437500000000062
RS,sig2,15.5,-2.907894108588367,330,966,218.52595155709344,0.3359375000000062
RS,akstar,-30.0,-2.907894108588367,148,21,1.530180699730873,1.3125
RS,akstar,-30.0,-2.907894108588367,142,23,1.5001922337562477,1.447265625
RS,akstar,-30.0,-2.907894108588367,160,37,3.179546328335255,1.25390625
RS,akstar,-30.0,-2.907894108588367,159,28,2.140715109573241,1.0458984375
RS,akstar,-30.0,-2.907894108588367,151,27,1.6801230296039982,1.1953125
RS,akstar,-27.0,-2.907894108588367,146,26,1.767781622452903,1.3828125
RS,akstar,-27.0,-2.907894108588367,159,26,3.238754325259516,1.4033203125
RS,akstar,-27.0,-2.907894108588367,159,46,2.6897347174163784,1.107666015625
RS,akstar,-27.0,-2.907894108588367,143,22,1.4148404459823145,1.4267578125
RS,akstar,-27.0,-2.907894108588367,147,16,1.8662053056516723,1.26904296875
RS,akstar,-24.0,-2.907894108588367,146,17,2.865820838139178,1.5625
RS,akstar,-24.0,-2.907894108588367,155,23,2.7781622452902726,1.28515625
RS,akstar,-24.0,-2.907894108588367,142,19,1.9315647827758555,1.576171875
RS,akstar,-24.0,-2.907894108588367,154,24,2.625913110342176,1.233642578125
RS,akstar,-24.0,-2.907894108588367,147,19,1.8269896193771626,1.3349609375
RS,akstar,-21.0,-2.907894108588367,137,18,2.5082660515186475,1.9814453125
RS,akstar,-21.0,-2.907894108588367,153,27,2.4705882352941178,1.2958984375
RS,akstar,-21.0,-2.907894108588367,138,21,1.6147635524798154,1.67578125
RS,akstar,-21.0,-2.907894108588367,146,21,1.885428681276432,1.3779296875
RS,akstar,-21.0,-2.907894108588367,147,30,2.6505190311418687,1.65087890625
RS,akstar,-18.0,-2.907894108588367,136,15,2.4967320261437904,2.0048828125
RS,akstar,-18.0,-2.907894108588367,132,20,2.3021914648212225,2.322265625
RS,akstar,-18.0,-2.907894108588367,135,16,2.050749711649366,1.9609375
RS,akstar,-18.0,-2.907894108588367,144,26,2.0322952710495965,1.5703125
RS,akstar,-18.0,-2.907894108588367,142,22,2.1276432141484047,1.748046875
RS,akstar,-15.0,-2.907894108588367,128,19,2.960399846212995,2.947265625
RS,akstar,-15.0,-2.907894108588367,125,13,1.6178392925797769,2.41796875
RS,akstar,-15.0,-2.907894108588367,129,14,2.6828143021914648,2.658203125
RS,akstar,-15.0,-2.907894108588367,131,25,2.2360630526720486,2.1630859375
RS,akstar,-15.0,-2.907894108588367,143,20,3.061899269511726,1.9248046875
RS,akstar,-12.0,-2.907894108588367,133,17,2.561322568242984,2.38671875
RS,akstar,-12.0,-2.907894108588367,132,17,1.9492502883506342,2.1015625
RS,akstar,-12.0,-2.907894108588367,144,27,3.679354094579008,1.94775390625
RS,akstar,-12.0,-2.907894108588367,129,20,2.173010380622838,2.390625
RS,akstar,-12.0,-2.907894108588367,144,30,2.542099192618224,1.720703125
RS,akstar,-9.0,-2.907894108588367,118,11,1.6847366397539407,3.03125
RS,akstar,-9.0,-2.907894108588367,111,13,2.424452133794695,4.0703125
RS,akstar,-9.0,-2.907894108588367,130,13,2.637447135717032,2.4873046875
RS,akstar,-9.0,-2.907894108588367,115,15,2.642060745866974,3.763671875
RS,akstar,-9.0,-2.907894108588367,117,6,2.0461361014994233,3.30078125
RS,akstar,-6.0,-2.907894108588367,111,7,2.3068050749711646,3.69140625
RS,akstar,-6.0,-2.907894108588367,112,9,2.2383698577470206,3.826171875
RS,akstar,-6.0,-2.907894108588367,101,6,2.1945405613225684,5.2421875
RS,akstar,-6.0,-2.907894108588367,129,18,2.055363321799308,2.39453125
RS,akstar,-6.0,-2.907894108588367,116,18,2.4828911956939637,3.486328125
RS,akstar,-3.0,-2.907894108588367,107,15,2.11841599384852,4.40234375
RS,akstar,-3.0,-2.907894108588367,95,3,1.689350249903883,5.6953125
RS,akstar,-3.0,-2.907894108588367,99,10,2.53517877739331,5.478515625
RS,akstar,-3.0,-2.907894108588367,101,9,3.331795463283352,5.841796875
RS,akstar,-3.0,-2.907894108588367,105,11,2.7312572087658595,4.7236328125
RS,akstar,0.0,-2.907894108588367,73,2,2.314494425221069,10.5078125
RS,akstar,0.0,-2.907894108588367,72,4,2.1453287197231834,10.890625
RS,akstar,0.0,-2.907894108588367,74,3,2.7158785082660515,10.98046875
RS,akstar,0.0,-2.907894108588367,79,5,2.206074586697424,9.3359375
RS,akstar,0.0,-2.907894108588367,86,5,2.978854286812764,8.484375
RS,akstar,3.0,-2.907894108588367,59,2,1.3525567089580934,13.203125
RS,akstar,3.0,-2.907894108588367,56,2,1.4125336409073441,14.59375
RS,akstar,3.0,-2.907894108588367,60,2,2.346020761245675,14.6328125
RS,akstar,3.0,-2.907894108588367,57,1,1.5524798154555939,14.390625
RS,akstar,3.0,-2.907894108588367,53,0,1.0134563629373319,14.84375
RS,akstar,6.0,-2.907894108588367,53,0,1.8369857747020375,16.1484375
RS,akstar,6.0,-2.907894108588367,51,0,1.6470588235294117,16.71875
RS,akstar,6.0,-2.907894108588367,57,1,3.003460207612457,16.640625
RS,akstar,6.0,-2.907894108588367,53,1,2.189926951172626,16.72265625
RS,akstar,6.0,-2.907894108588367,50,0,1.6063052672049214,16.9140625
RS,akstar,9.0,-2.907894108588367,53,0,3.0918877354863508,17.4306640625
RS,akstar,9.0,-2.907894108588367,52,0,2.037677816224529,16.8125
RS,akstar,9.0,-2.907894108588367,51,0,2.0392156862745097,17.3046875
RS,akstar,9.0,-2.907894108588367,50,0,2.0376778162245293,17.7890625
RS,akstar,9.0,-2.907894108588367,51,0,2.7450980392156863,18.173828125
RS,akstar,12.0,-2.907894108588367,50,0,3.292579777008842,19.1962890625
RS,akstar,12.0,-2.907894108588367,51,0,3.9607843137254903,19.5673828125
RS,akstar,12.0,-2.907894108588367,50,0,3.096501345636293,18.9541015625
RS,akstar,12.0,-2.907894108588367,52,0,3.331795463283352,18.1806640625
RS,akstar,12.0,-2.907894108588367,50,0,3.920030757400999,18.8282470703125
RS,akstar,15.0,-2.907894108588367,50,0,3.0965013456362933,18.693359375
RS,akstar,15.0,-2.907894108588367,50,0,2.351403306420607,17.98828125
RS,akstar,15.0,-2.907894108588367,51,0,3.1372549019607843,18.333984375
RS,akstar,15.0,-2.907894108588367,50,0,2.5082660515186466,18.4453125
RS,akstar,15.0,-2.907894108588367,50,0,2.586697424067666,18.15234375
CZ,t1,-1.0,-3.1598332842344172,97,1,1.765203831588327,12.96875
CZ,t1,-1.0,-3.1598332842344172,96,1,1.8177767877032747,13.2734375
CZ,t1,-1.0,-3.1598332842344172,101,1,2.4326130541323234,13.265625
CZ,t1,-1.0,-3.1598332842344172,108,1,2.5916685230563608,11.734375
CZ,t1,-1.0,-3.1598332842344172,92,0,1.8609935397638673,14.1953125
CZ,t1,-0.85,-3.1598332842344172,93,2,1.7856983738026289,14.234375
CZ,t1,-0.85,-3.1598332842344172,95,2,1.8088661171753175,13.4296875
CZ,t1,-0.85,-3.1598332842344172,97,0,1.9443083092002675,13.1171875
CZ,t1,-0.85,-3.1598332842344172,103,1,1.263087547337937,10.453125
CZ,t1,-0.85,-3.1598332842344172,97,1,1.7353530853196704,12.8203125
CZ,t1,-0.7,-3.1598332842344172,91,1,1.51659612385832,13.6484375
CZ,t1,-0.7,-3.1598332842344172,98,2,1.800400980173758,12.7578125
CZ,t1,-0.7,-3.1598332842344172,103,2,3.173535308531967,13.4072265625
CZ,t1,-0.7,-3.1598332842344172,108,3,2.23345956783248,11.10546875
CZ,t1,-0.7,-3.1598332842344172,87,1,1.762976163956338,15.703125
CZ,t1,-0.55,-3.1598332842344172,94,1,1.8280240588104257,13.5859375
CZ,t1,-0.55,-3.1598332842344172,103,5,2.636221875696146,13.1171875
CZ,t1,-0.55,-3.1598332842344172,108,3,1.7259968812653153,10.21875
CZ,t1,-0.55,-3.1598332842344172,95,3,1.9879705947872572,13.8671875
CZ,t1,-0.55,-3.1598332842344172,112,2,2.2254399643573177,9.99609375
CZ,t1,-0.4,-3.1598332842344172,114,6,2.0913343729115614,9.7421875
CZ,t1,-0.4,-3.1598332842344172,109,3,2.8460681666295384,11.4462890625
CZ,t1,-0.4,-3.1598332842344172,107,4,2.4250389841835593,11.703125
CZ,t1,-0.4,-3.1598332842344172,101,2,1.8952996212965023,12.1953125
CZ,t1,-0.4,-3.1598332842344172,101,2,2.37291156159501,12.5703125
CZ,t1,-0.25,-3.1598332842344172,110,3,3.128536422365783,11.921875
CZ,t1,-0.25,-3.1598332842344172,82,0,1.5010024504343953,16.1796875
CZ,t1,-0.25,-3.1598332842344172,100,3,1.8654488750278455,12.640625
CZ,t1,-0.25,-3.1598332842344172,88,1,1.7861439073290264,15.4609375
CZ,t1,-0.25,-3.1598332842344172,96,0,2.0864335041211852,13.84375
CZ,t1,-0.1,-3.1598332842344172,93,4,2.0543550902205396,14.11328125
CZ,t1,-0.1,-3.1598332842344172,110,2,2.0539095566941414,10.5390625
CZ,t1,-0.1,-3.1598332842344172,99,1,1.714413009578971,12.2265625
CZ,t1,-0.1,-3.1598332842344172,91,4,1.8748050790822006,14.19140625
CZ,t1,-0.1,-3.1598332842344172,98,2,2.2481621742036086,13.7890625
CZ,t1,0.05,-3.1598332842344172,128,5,3.102249944308309,9.08984375
CZ,t1,0.05,-3.1598332842344172,98,1,2.098908442860325,13.1328125
CZ,t1,0.05,-3.1598332842344172,99,2,1.4756070394297167,11.796875
CZ,t1,0.05,-3.1598332842344172,95,2,1.7193138783693476,13.359375
CZ,t1,0.05,-3.1598332842344172,98,3,2.457117398084205,13.5703125
CZ,t1,0.2,-3.1598332842344172,99,5,2.221875696146135,13.1171875
CZ,t1,0.2,-3.1598332842344172,95,3,1.7193138783693476,13.1015625
CZ,t1,0.2,-3.1598332842344172,102,4,1.8039652483849409,11.65625
CZ,t1,0.2,-3.1598332842344172,109,7,3.20427712185342,12.150390625
CZ,t1,0.2,-3.1598332842344172,112,5,2.732902650924482,11.033203125
CZ,t1,0.35,-3.1598332842344172,99,7,2.460681666295389,13.54296875
CZ,t1,0.35,-3.1598332842344172,105,5,2.2655379817331256,11.60546875
CZ,t1,0.35,-3.1598332842344172,94,5,2.8429494319447537,15.79296875
CZ,t1,0.35,-3.1598332842344172,101,4,2.253508576520383,12.5234375
CZ,t1,0.35,-3.1598332842344172,102,4,1.386054800623747,10.7734375
CZ,t1,0.5,-3.1598332842344172,115,14,3.230563599910893,11.125
CZ,t1,0.5,-3.1598332842344172,123,12,3.7429271552684344,10.427734375
CZ,t1,0.5,-3.1598332842344172,110,3,2.5912229895299626,10.978515625
CZ,t1,0.5,-3.1598332842344172,93,6,2.14390732902651,14.2890625
CZ,t1,0.5,-3.1598332842344172,111,5,2.1853419469815107,10.5390625
CZ,t1,0.65,-3.1598332842344172,145,25,4.966807752283359,7.408447265625
CZ,t1,0.65,-3.1598332842344172,113,8,2.6518155491200712,11.1015625
CZ,t1,0.65,-3.1598332842344172,115,14,2.4245934506571616,9.580078125
CZ,t1,0.65,-3.1598332842344172,115,11,2.185787480507908,9.54296875
CZ,t1,0.65,-3.1598332842344172,113,10,2.502561817776787,10.7109375
CZ,t1,0.8,-3.1598332842344172,119,15,3.501002450434395,10.666015625
CZ,t1,0.8,-3.1598332842344172,104,6,1.6756515927823565,11.46875
CZ,t1,0.8,-3.1598332842344172,106,9,3.450657161951437,12.883056640625
CZ,t1,0.8,-3.1598332842344172,133,27,6.118511918021833,9.78857421875
CZ,t1,0.8,-3.1598332842344172,122,13,4.528402762307864,11.955078125
CZ,t1,0.95,-3.1598332842344172,2211,47905,0.0,9.0801931945661e-19
CZ,t1,0.95,-3.1598332842344172,2211,47905,0.0,9.0801931945661e-19
CZ,t1,0.95,-3.1598332842344172,2211,47905,0.0,9.0801931945661e-19
CZ,t1,0.95,-3.1598332842344172,2211,47905,0.0,9.0801931945661e-19
CZ,t1,0.95,-3.1598332842344172,2211,47905,0.0,9.0801931945661e-19
CZ,t1,1.1,-3.1598332842344172,2211,47905,0.0,9.0801931945661e-19
CZ,t1,1.1,-3.1598332842344172,2211,47905,0.0,9.0801931945661e-19
CZ,t1,1.1,-3.1598332842344172,2211,47905,0.0,9.0801931945661e-19
CZ,t1,1.1,-3.1598332842344172,2211,47905,0.0,9.0801931945661e-19
CZ,t1,1.1,-3.1598332842344172,2211,47905,0.0,9.0801931945661e-19
CZ,sig2,-4.0,-3.1598332842344172,93,2,1.4871909111160615,13.140625
CZ,sig2,-4.0,-3.1598332842344172,97,2,1.6159501002450432,12.515625
CZ,sig2,-4.0,-3.1598332842344172,100,2,1.9550011138338155,12.5625
CZ,sig2,-4.0,-3.1598332842344172,99,4,1.923368233459568,12.734375
CZ,sig2,-4.0,-3.1598332842344172,80,0,1.4314992203163284,16.9375
CZ,sig2,-2.5,-3.1598332842344172,90,4,1.7674314992203162,14.703125
CZ,sig2,-2.5,-3.1598332842344172,98,2,1.7406994876364448,12.5
CZ,sig2,-2.5,-3.1598332842344172,97,6,1.5860993539763868,12.484375
CZ,sig2,-2.5,-3.1598332842344172,104,3,1.4069948763644464,10.625
CZ,sig2,-2.5,-3.1598332842344172,104,5,2.571173980842058,12.5546875
CZ,sig2,-1.0,-3.1598332842344172,98,4,1.8899532189797281,12.5078125
CZ,sig2,-1.0,-3.1598332842344172,97,5,1.7055023390510136,12.96875
CZ,sig2,-1.0,-3.1598332842344172,109,4,2.9057696591668525,12.041015625
CZ,sig2,-1.0,-3.1598332842344172,109,5,2.3386054800623746,11.3515625
CZ,sig2,-1.0,-3.1598332842344172,89,0,1.8373802628647804,15.34375
CZ,sig2,0.5,-3.1598332842344172,99,2,1.923368233459568,12.7421875
CZ,sig2,0.5,-3.1598332842344172,109,4,2.308754733793718,11.0078125
CZ,sig2,0.5,-3.1598332842344172,111,8,2.5137001559367342,10.89453125
CZ,sig2,0.5,-3.1598332842344172,94,3,1.8877255513477393,14.0078125
CZ,sig2,0.5,-3.1598332842344172,125,11,3.6293161060369794,8.54541015625
CZ,sig2,2.0,-3.1598332842344172,129,11,3.8583203386054805,8.95751953125
CZ,sig2,2.0,-3.1598332842344172,106,4,2.4655825350857645,12.1640625
CZ,sig2,2.0,-3.1598332842344172,125,7,4.2860325239474255,10.25927734375
CZ,sig2,2.0,-3.1598332842344172,114,5,3.255513477389174,11.513671875
CZ,sig2,2.0,-3.1598332842344172,112,4,3.5687235464468707,11.798828125
CZ,sig2,3.5,-3.1598332842344172,122,8,4.408999777233237,11.4765625
CZ,sig2,3.5,-3.1598332842344172,97,1,2.720427712185342,14.6796875
CZ,sig2,3.5,-3.1598332842344172,123,9,3.354867453775897,9.751953125
CZ,sig2,3.5,-3.1598332842344172,100,2,2.5221652929382934,13.3203125
CZ,sig2,3.5,-3.1598332842344172,117,10,4.9066607262196476,12.7373046875
CZ,sig2,5.0,-3.1598332842344172,202,214,115.93940744040988,6.560554504394531
CZ,sig2,5.0,-3.1598332842344172,193,190,113.70416573847181,6.46484375
CZ,sig2,5.0,-3.1598332842344172,187,180,111.91490309645799,6.796875
CZ,sig2,5.0,-3.1598332842344172,187,181,111.1686344397416,7.4189453125
CZ,sig2,5.0,-3.1598332842344172,186,176,112.90398752506128,7.72265625
CZ,sig2,6.5,-3.1598332842344172,289,506,209.87569614613494,2.357421875
CZ,sig2,6.5,-3.1598332842344172,279,466,210.01158387168627,2.8125
CZ,sig2,6.5,-3.1598332842344172,281,474,211.46134996658498,2.7734375
CZ,sig2,6.5,-3.1598332842344172,291,513,208.18534194698154,2.4296875
CZ,sig2,6.5,-3.1598332842344172,282,478,211.1686344397416,2.66015625
CZ,sig2,8.0,-3.1598332842344172,271,434,213.36511472488306,3.21875
CZ,sig2,8.0,-3.1598332842344172,277,458,212.31588327021603,2.984375
CZ,sig2,8.0,-3.1598332842344172,275,450,212.4936511472488,2.9765625
CZ,sig2,8.0,-3.1598332842344172,274,446,212.80374248162173,3.0859375
CZ,sig2,8.0,-3.1598332842344172,285,491,210.9962129650256,2.6953125
CZ,sig2,9.5,-3.1598332842344172,385,959,292.36934729338384,0.89453125
CZ,sig2,9.5,-3.1598332842344172,386,965,292.04054355090227,0.875
CZ,sig2,9.5,-3.1598332842344172,384,953,292.6366674092225,0.90625
CZ,sig2,9.5,-3.1598332842344172,384,953,292.6665181554912,0.91015625
CZ,sig2,9.5,-3.1598332842344172,382,942,291.49431944753843,0.9375
CZ,sig2,11.0,-3.1598332842344172,501,1716,353.3263533080863,0.2265625
CZ,sig2,11.0,-3.1598332842344172,501,1716,353.3263533080863,0.2265625
CZ,sig2,11.0,-3.1598332842344172,500,1708,353.7108487413678,0.23046875
CZ,sig2,11.0,-3.1598332842344172,501,1716,353.3263533080863,0.2265625
CZ,sig2,11.0,-3.1598332842344172,501,1716,353.3263533080863,0.2265625
CZ,sig2,12.5,-3.1598332842344172,442,1302,325.35041211851205,0.4609375
CZ,sig2,12.5,-3.1598332842344172,442,1302,325.35041211851205,0.4609375
CZ,sig2,12.5,-3.1598332842344172,442,1302,325.35041211851205,0.4609375
CZ,sig2,12.5,-3.1598332842344172,444,1316,324.66696368901756,0.4453125
CZ,sig2,12.5,-3.1598332842344172,443,1309,325.00957897081753,0.453125
CZ,sig2,14.0,-3.1598332842344172,501,1716,353.3263533080863,0.2265625
CZ,sig2,14.0,-3.1598332842344172,500,1708,353.7108487413678,0.23046875
CZ,sig2,14.0,-3.1598332842344172,500,1708,353.7108487413678,0.23046875
CZ,sig2,14.0,-3.1598332842344172,500,1708,353.7108487413678,0.23046875
CZ,sig2,14.0,-3.1598332842344172,502,1724,352.94007574069946,0.22265625
CZ,sig2,15.5,-3.1598332842344172,615,2685,398.20004455335265,0.0556640625
CZ,sig2,15.5,-3.1598332842344172,616,2695,397.73000668300284,0.0546875
CZ,sig2,15.5,-3.1598332842344172,615,2685,398.20004455335265,0.0556640625
CZ,sig2,15.5,-3.1598332842344172,615,2685,398.20004455335265,0.0556640625
CZ,sig2,15.5,-3.1598332842344172,615,2685,398.20004455335265,0.0556640625
CZ,akstar,-30.0,-3.1598332842344172,198,27,1.9919803965248386,1.7099609375
CZ,akstar,-30.0,-3.1598332842344172,201,27,2.8059701492537314,1.8662109375
CZ,akstar,-30.0,-3.1598332842344172,212,30,2.2802405881042547,1.31396484375
CZ,akstar,-30.0,-3.1598332842344172,206,31,2.813544219202495,1.7060546875
CZ,akstar,-30.0,-3.1598332842344172,199,31,2.3247939407440414,1.68212890625
CZ,akstar,-27.0,-3.1598332842344172,205,20,2.7021608376030297,1.58544921875
CZ,akstar,-27.0,-3.1598332842344172,205,27,2.045444419692582,1.4794921875
CZ,akstar,-27.0,-3.1598332842344172,208,25,2.22499443083092,1.4267578125
CZ,akstar,-27.0,-3.1598332842344172,215,33,2.6910224994430836,1.3115234375
CZ,akstar,-27.0,-3.1598332842344172,194,19,1.9264869681443528,1.8828125
CZ,akstar,-24.0,-3.1598332842344172,204,27,2.2606371129427494,1.61767578125
CZ,akstar,-24.0,-3.1598332842344172,195,22,2.863443974159056,1.9775390625
CZ,akstar,-24.0,-3.1598332842344172,212,28,2.1011361104923143,1.314453125
CZ,akstar,-24.0,-3.1598332842344172,196,23,1.94787257741145,1.767578125
CZ,akstar,-24.0,-3.1598332842344172,187,20,2.3925150367565164,2.3154296875
CZ,akstar,-21.0,-3.1598332842344172,186,18,2.6054800623746934,2.26025390625
CZ,akstar,-21.0,-3.1598332842344172,176,19,2.1893517487190914,2.685546875
CZ,akstar,-21.0,-3.1598332842344172,191,22,1.8810425484517712,1.8369140625
CZ,akstar,-21.0,-3.1598332842344172,191,23,2.239251503675652,2.0537109375
CZ,akstar,-21.0,-3.1598332842344172,191,29,3.16462463800401,2.19775390625
CZ,akstar,-18.0,-3.1598332842344172,180,25,2.0846513700155938,2.515625
CZ,akstar,-18.0,-3.1598332842344172,190,17,3.862330140343061,2.609375
CZ,akstar,-18.0,-3.1598332842344172,183,20,2.1590554689240364,2.365234375
CZ,akstar,-18.0,-3.1598332842344172,202,32,1.939407440409891,1.57421875
CZ,akstar,-18.0,-3.1598332842344172,198,17,2.6785475607039433,1.798095703125
CZ,akstar,-15.0,-3.1598332842344172,185,21,2.5480062374693695,2.39208984375
CZ,akstar,-15.0,-3.1598332842344172,173,14,1.7790153709066607,2.79296875
CZ,akstar,-15.0,-3.1598332842344172,170,9,2.158609935397639,2.91650390625
CZ,akstar,-15.0,-3.1598332842344172,170,19,1.8004009801737582,2.908203125
CZ,akstar,-15.0,-3.1598332842344172,195,27,2.773891735353085,2.015625
CZ,akstar,-12.0,-3.1598332842344172,173,11,1.8984183559812877,2.810546875
CZ,akstar,-12.0,-3.1598332842344172,184,28,4.16039206950323,3.15673828125
CZ,akstar,-12.0,-3.1598332842344172,161,17,2.186233014034306,3.6533203125
CZ,akstar,-12.0,-3.1598332842344172,168,16,3.357986188460682,3.861328125
CZ,akstar,-12.0,-3.1598332842344172,174,15,2.8130986856760978,3.1083984375
CZ,akstar,-9.0,-3.1598332842344172,171,17,3.3472933838271324,3.75537109375
CZ,akstar,-9.0,-3.1598332842344172,155,16,2.3234573401648473,4.35546875
CZ,akstar,-9.0,-3.1598332842344172,156,16,1.777678770327467,4.1171875
CZ,akstar,-9.0,-3.1598332842344172,171,15,3.3472933838271333,3.68994140625
CZ,akstar,-9.0,-3.1598332842344172,156,12,2.5537981733125417,4.28564453125
CZ,akstar,-6.0,-3.1598332842344172,138,8,1.9558921808866119,5.70703125
CZ,akstar,-6.0,-3.1598332842344172,136,11,1.7277790153709065,6.046875
CZ,akstar,-6.0,-3.1598332842344172,150,14,2.3689017598574296,4.865234375
CZ,akstar,-6.0,-3.1598332842344172,151,7,3.3544219202494987,4.891845703125
CZ,akstar,-6.0,-3.1598332842344172,155,11,2.353308086433504,4.46875
CZ,akstar,-3.0,-3.1598332842344172,119,7,2.72488304744932,9.91015625
CZ,akstar,-3.0,-3.1598332842344172,135,14,2.924482067275563,7.29296875
CZ,akstar,-3.0,-3.1598332842344172,117,11,3.0559144575629316,10.541015625
CZ,akstar,-3.0,-3.1598332842344172,131,6,2.469592336823346,7.8359375
CZ,akstar,-3.0,-3.1598332842344172,134,7,2.08955223880597,6.478515625
CZ,akstar,0.0,-3.1598332842344172,105,5,2.564045444419693,12.28125
CZ,akstar,0.0,-3.1598332842344172,113,7,3.57718868344843,11.6005859375
CZ,akstar,0.0,-3.1598332842344172,98,0,2.3675651592782354,13.47265625
CZ,akstar,0.0,-3.1598332842344172,98,3,1.949654711517041,12.515625
CZ,akstar,0.0,-3.1598332842344172,103,3,1.6212965025618173,11.1171875
CZ,akstar,3.0,-3.1598332842344172,76,0,1.4800623746936956,18.2265625
CZ,akstar,3.0,-3.1598332842344172,73,0,1.9679215860993542,20.00390625
CZ,akstar,3.0,-3.1598332842344172,77,0,1.373579861884607,17.703125
CZ,akstar,3.0,-3.1598332842344172,81,3,1.7656493651147247,17.34375
CZ,akstar,3.0,-3.1598332842344172,76,0,1.569614613499666,18.515625
CZ,akstar,6.0,-3.1598332842344172,70,0,1.8128759189128987,21.046875
CZ,akstar,6.0,-3.1598332842344172,72,1,2.1269770550233904,20.82421875
CZ,akstar,6.0,-3.1598332842344172,68,0,1.5513477389173536,21.4375
CZ,akstar,6.0,-3.1598332842344172,69,0,1.8471820004455333,21.515625
CZ,akstar,6.0,-3.1598332842344172,66,0,1.1931387836934728,21.375
CZ,akstar,9.0,-3.1598332842344172,67,0,2.2686567164179103,23.0390625
CZ,akstar,9.0,-3.1598332842344172,69,1,2.7725551347738926,23.080078125
CZ,akstar,9.0,-3.1598332842344172,67,1,2.626865671641791,23.83203125
CZ,akstar,9.0,-3.1598332842344172,69,1,2.205390955669415,22.65625
CZ,akstar,9.0,-3.1598332842344172,68,0,2.5065716195143684,23.07421875
CZ,akstar,12.0,-3.1598332842344172,67,0,2.5671641791044775,23.626953125
CZ,akstar,12.0,-3.1598332842344172,68,0,2.4468701269770547,23.3671875
CZ,akstar,12.0,-3.1598332842344172,68,1,2.625974604588995,23.8125
CZ,akstar,12.0,-3.1598332842344172,69,0,3.2501670750724,24.15234375
CZ,akstar,12.0,-3.1598332842344172,66,0,2.685676097126309,24.21484375
CZ,akstar,15.0,-3.1598332842344172,66,0,2.2976163956337716,23.8046875
CZ,akstar,15.0,-3.1598332842344172,67,0,2.656716417910448,24.109375
CZ,akstar,15.0,-3.1598332842344172,66,0,2.5961238583203388,24.24609375
CZ,akstar,15.0,-3.1598332842344172,67,1,2.925373134328358,24.119140625
CZ,akstar,15.0,-3.1598332842344172,67,0,2.8955223880597014,24.052734375
