country,variant,beta_t1,beta_t1_fit,m,t1
HR,with_t2,-0.1357,1.364349961419245,28,2
HR,with_t2,-0.1357,1.364349961419245,25,0
HR,with_t2,0.3643,1.364349961419245,30,3
HR,with_t2,0.3643,1.364349961419245,24,1
HR,with_t2,0.3643,1.364349961419245,25,1
HR,with_t2,0.3643,1.364349961419245,24,0
HR,with_t2,0.3643,1.364349961419245,29,3
HR,with_t2,0.8643,1.364349961419245,25,2
HR,with_t2,0.8643,1.364349961419245,27,3
HR,with_t2,0.8643,1.364349961419245,27,1
HR,with_t2,0.8643,1.364349961419245,28,0
HR,with_t2,0.8643,1.364349961419245,29,3
HR,with_t2,1.3643,1.364349961419245,28,3
HR,with_t2,1.3643,1.364349961419245,27,2
HR,with_t2,1.3643,1.364349961419245,29,3
HR,with_t2,1.3643,1.364349961419245,27,3
HR,with_t2,1.8643,1.364349961419245,25,2
HR,with_t2,1.8643,1.364349961419245,28,2
HR,with_t2,1.8643,1.364349961419245,28,3
HR,with_t2,1.8643,1.364349961419245,32,5
HR,with_t2,1.8643,1.364349961419245,30,3
HR,with_t2,2.3643,1.364349961419245,30,4
HR,with_t2,2.3643,1.364349961419245,27,2
HR,with_t2,2.3643,1.364349961419245,31,4
HR,with_t2,2.3643,1.364349961419245,35,5
HR,with_t2,2.3643,1.364349961419245,32,5
HR,with_t2,2.8643,1.364349961419245,32,4
HR,with_t2,2.8643,1.364349961419245,34,6
HR,with_t2,2.8643,1.364349961419245,31,5
HR,with_t2,2.8643,1.364349961419245,32,7
HR,with_t2,2.8643,1.364349961419245,26,2
HR,without_t2,-0.1357,1.364349961419245,29,3
HR,without_t2,-0.1357,1.364349961419245,26,3
HR,without_t2,-0.1357,1.364349961419245,25,0
HR,without_t2,-0.1357,1.364349961419245,25,1
HR,without_t2,0.3643,1.364349961419245,33,6
HR,without_t2,0.3643,1.364349961419245,30,3
HR,without_t2,0.3643,1.364349961419245,25,1
HR,without_t2,0.3643,1.364349961419245,23,0
HR,without_t2,0.3643,1.364349961419245,25,0
HR,without_t2,0.8643,1.364349961419245,31,3
HR,without_t2,0.8643,1.364349961419245,31,1
HR,without_t2,0.8643,1.364349961419245,29,1
HR,without_t2,0.8643,1.364349961419245,34,6
HR,without_t2,1.3643,1.364349961419245,276,2024
HR,without_t2,1.3643,1.364349961419245,276,2024
HR,without_t2,1.3643,1.364349961419245,276,2024
HR,without_t2,1.3643,1.364349961419245,276,2024
HR,without_t2,1.3643,1.364349961419245,276,2024
HR,without_t2,1.8643,1.364349961419245,276,2024
HR,without_t2,1.8643,1.364349961419245,276,2024
HR,without_t2,1.8643,1.364349961419245,276,2024
HR,without_t2,1.8643,1.364349961419245,276,2024
HR,without_t2,1.8643,1.364349961419245,276,2024
HR,without_t2,2.3643,1.364349961419245,276,2024
HR,without_t2,2.3643,1.364349961419245,276,2024
HR,without_t2,2.3643,1.364349961419245,276,2024
HR,without_t2,2.3643,1.364349961419245,276,2024
HR,without_t2,2.3643,1.364349961419245,276,2024
HR,without_t2,2.8643,1.364349961419245,276,2024
HR,without_t2,2.8643,1.364349961419245,276,2024
HR,without_t2,2.8643,1.364349961419245,276,2024
HR,without_t2,2.8643,1.364349961419245,276,2024
HR,without_t2,2.8643,1.364349961419245,276,2024
BA,with_t2,-0.1783,1.321721139828217,38,0
BA,with_t2,-0.1783,1.321721139828217,44,0
BA,with_t2,-0.1783,1.321721139828217,40,0
BA,with_t2,-0.1783,1.321721139828217,45,0
BA,with_t2,-0.1783,1.321721139828217,42,1
BA,with_t2,0.3217,1.321721139828217,42,2
BA,with_t2,0.3217,1.321721139828217,40,1
BA,with_t2,0.3217,1.321721139828217,43,1
BA,with_t2,0.3217,1.321721139828217,39,1
BA,with_t2,0.3217,1.321721139828217,44,2
BA,with_t2,0.8217,1.321721139828217,41,1
BA,with_t2,0.8217,1.321721139828217,48,4
BA,with_t2,0.8217,1.321721139828217,49,2
BA,with_t2,0.8217,1.321721139828217,40,0
BA,with_t2,0.8217,1.321721139828217,40,0
BA,with_t2,1.3217,1.321721139828217,48,3
BA,with_t2,1.3217,1.321721139828217,45,3
BA,with_t2,1.3217,1.321721139828217,45,2
BA,with_t2,1.3217,1.321721139828217,51,4
BA,with_t2,1.3217,1.321721139828217,44,2
BA,with_t2,1.8217,1.321721139828217,44,3
BA,with_t2,1.8217,1.321721139828217,44,3
BA,with_t2,1.8217,1.321721139828217,42,3
BA,with_t2,1.8217,1.321721139828217,53,5
BA,with_t2,1.8217,1.321721139828217,52,5
BA,with_t2,2.3217,1.321721139828217,57,9
BA,with_t2,2.3217,1.321721139828217,56,8
BA,with_t2,2.3217,1.321721139828217,48,6
BA,with_t2,2.3217,1.321721139828217,47,3
BA,with_t2,2.3217,1.321721139828217,43,2
BA,with_t2,2.8217,1.321721139828217,53,8
BA,with_t2,2.8217,1.321721139828217,57,8
BA,with_t2,2.8217,1.321721139828217,57,8
BA,with_t2,2.8217,1.321721139828217,50,6
BA,with_t2,2.8217,1.321721139828217,56,11
BA,without_t2,-0.1783,1.321721139828217,42,0
BA,without_t2,-0.1783,1.321721139828217,41,0
BA,without_t2,-0.1783,1.321721139828217,45,2
BA,without_t2,-0.1783,1.321721139828217,43,1
BA,without_t2,-0.1783,1.321721139828217,41,1
BA,without_t2,0.3217,1.321721139828217,47,5
BA,without_t2,0.3217,1.321721139828217,41,2
BA,without_t2,0.3217,1.321721139828217,46,3
BA,without_t2,0.3217,1.321721139828217,46,2
BA,without_t2,0.3217,1.321721139828217,44,0
BA,without_t2,0.8217,1.321721139828217,741,9139
BA,without_t2,0.8217,1.321721139828217,741,9139
BA,without_t2,0.8217,1.321721139828217,741,9139
BA,without_t2,0.8217,1.321721139828217,741,9139
BA,without_t2,0.8217,1.321721139828217,741,9139
BA,without_t2,1.3217,1.321721139828217,741,9139
BA,without_t2,1.3217,1.321721139828217,741,9139
BA,without_t2,1.3217,1.321721139828217,741,9139
BA,without_t2,1.3217,1.321721139828217,741,9139
BA,without_t2,1.3217,1.321721139828217,741,9139
BA,without_t2,1.8217,1.321721139828217,741,9139
BA,without_t2,1.8217,1.321721139828217,741,9139
BA,without_t2,1.8217,1.321721139828217,741,9139
BA,without_t2,1.8217,1.321721139828217,741,9139
BA,without_t2,1.8217,1.321721139828217,741,9139
BA,without_t2,2.3217,1.321721139828217,741,9139
BA,without_t2,2.3217,1.321721139828217,741,9139
BA,without_t2,2.3217,1.321721139828217,741,9139
BA,without_t2,2.3217,1.321721139828217,741,9139
BA,without_t2,2.3217,1.321721139828217,741,9139
BA,without_t2,2.8217,1.321721139828217,741,9139
BA,without_t2,2.8217,1.321721139828217,741,9139
BA,without_t2,2.8217,1.321721139828217,741,9139
BA,without_t2,2.8217,1.321721139828217,741,9139
BA,without_t2,2.8217,1.321721139828217,741,9139
SK,with_t2,-0.8001,0.6998893052997356,54,2
SK,with_t2,-0.8001,0.6998893052997356,52,0
SK,with_t2,-0.8001,0.6998893052997356,49,0
SK,with_t2,-0.8001,0.6998893052997356,52,0
SK,with_t2,-0.3001,0.6998893052997356,50,0
SK,with_t2,-0.3001,0.6998893052997356,53,1
SK,with_t2,-0.3001,0.6998893052997356,53,0
SK,with_t2,-0.3001,0.6998893052997356,54,1
SK,with_t2,-0.3001,0.6998893052997356,52,1
SK,with_t2,0.1999,0.6998893052997356,54,2
SK,with_t2,0.1999,0.6998893052997356,55,1
SK,with_t2,0.1999,0.6998893052997356,58,3
SK,with_t2,0.1999,0.6998893052997356,56,3
SK,with_t2,0.1999,0.6998893052997356,58,2
SK,with_t2,0.6999,0.6998893052997356,57,2
SK,with_t2,0.6999,0.6998893052997356,51,1
SK,with_t2,0.6999,0.6998893052997356,57,2
SK,with_t2,0.6999,0.6998893052997356,56,3
SK,with_t2,0.6999,0.6998893052997356,52,1
SK,with_t2,1.1999,0.6998893052997356,49,1
SK,with_t2,1.1999,0.6998893052997356,60,6
SK,with_t2,1.1999,0.6998893052997356,53,3
SK,with_t2,1.1999,0.6998893052997356,54,4
SK,with_t2,1.1999,0.6998893052997356,59,4
SK,with_t2,1.6999,0.6998893052997356,58,6
SK,with_t2,1.6999,0.6998893052997356,61,7
SK,with_t2,1.6999,0.6998893052997356,52,2
SK,with_t2,1.6999,0.6998893052997356,60,7
SK,with_t2,1.6999,0.6998893052997356,56,5
SK,with_t2,2.1999,0.6998893052997356,69,14
SK,with_t2,2.1999,0.6998893052997356,64,12
SK,with_t2,2.1999,0.6998893052997356,66,10
SK,with_t2,2.1999,0.6998893052997356,57,6
SK,with_t2,2.1999,0.6998893052997356,69,13
SK,without_t2,-0.8001,0.6998893052997356,51,1
SK,without_t2,-0.8001,0.6998893052997356,58,0
SK,without_t2,-0.8001,0.6998893052997356,54,0
SK,without_t2,-0.8001,0.6998893052997356,55,0
SK,without_t2,-0.3001,0.6998893052997356,52,1
SK,without_t2,-0.3001,0.6998893052997356,56,0
SK,without_t2,-0.3001,0.6998893052997356,56,1
SK,without_t2,-0.3001,0.6998893052997356,54,1
SK,without_t2,-0.3001,0.6998893052997356,51,0
SK,without_t2,0.1999,0.6998893052997356,51,1
SK,without_t2,0.1999,0.6998893052997356,54,0
SK,without_t2,0.1999,0.6998893052997356,59,2
SK,without_t2,0.1999,0.6998893052997356,55,2
SK,without_t2,0.1999,0.6998893052997356,61,3
SK,without_t2,0.6999,0.6998893052997356,55,4
SK,without_t2,0.6999,0.6998893052997356,51,0
SK,without_t2,0.6999,0.6998893052997356,58,2
SK,without_t2,0.6999,0.6998893052997356,55,0
SK,without_t2,0.6999,0.6998893052997356,48,1
SK,without_t2,1.1999,0.6998893052997356,54,4
SK,without_t2,1.1999,0.6998893052997356,61,7
SK,without_t2,1.1999,0.6998893052997356,52,3
SK,without_t2,1.1999,0.6998893052997356,58,4
SK,without_t2,1.1999,0.6998893052997356,62,4
SK,without_t2,1.6999,0.6998893052997356,1081,16215
SK,without_t2,1.6999,0.6998893052997356,1081,16215
SK,without_t2,1.6999,0.6998893052997356,1081,16215
SK,without_t2,1.6999,0.6998893052997356,1081,16215
SK,without_t2,1.6999,0.6998893052997356,1081,16215
SK,without_t2,2.1999,0.6998893052997356,1081,16215
SK,without_t2,2.1999,0.6998893052997356,1081,16215
SK,without_t2,2.1999,0.6998893052997356,1081,16215
SK,without_t2,2.1999,0.6998893052997356,1081,16215
SK,without_t2,2.1999,0.6998893052997356,1081,16215
CZ,with_t2,-1.4995,0.0004531964797561783,85,1
CZ,with_t2,-1.4995,0.0004531964797561783,92,0
CZ,with_t2,-1.4995,0.0004531964797561783,81,1
CZ,with_t2,-1.4995,0.0004531964797561783,85,1
CZ,with_t2,-1.4995,0.0004531964797561783,86,0
CZ,with_t2,-0.9995,0.0004531964797561783,86,2
CZ,with_t2,-0.9995,0.0004531964797561783,92,2
CZ,with_t2,-0.9995,0.0004531964797561783,99,3
CZ,with_t2,-0.9995,0.0004531964797561783,93,1
CZ,with_t2,-0.9995,0.0004531964797561783,90,1
CZ,with_t2,-0.4995,0.0004531964797561783,90,1
CZ,with_t2,-0.4995,0.0004531964797561783,98,1
CZ,with_t2,-0.4995,0.0004531964797561783,82,2
CZ,with_t2,-0.4995,0.0004531964797561783,98,2
CZ,with_t2,-0.4995,0.0004531964797561783,82,2
CZ,with_t2,0.0005,0.0004531964797561783,88,2
CZ,with_t2,0.0005,0.0004531964797561783,73,0
CZ,with_t2,0.0005,0.0004531964797561783,96,3
CZ,with_t2,0.0005,0.0004531964797561783,99,4
CZ,with_t2,0.0005,0.0004531964797561783,102,4
CZ,with_t2,0.5005,0.0004531964797561783,102,4
CZ,with_t2,0.5005,0.0004531964797561783,107,5
CZ,with_t2,0.5005,0.0004531964797561783,91,4
CZ,with_t2,0.5005,0.0004531964797561783,91,3
CZ,with_t2,0.5005,0.0004531964797561783,95,3
CZ,with_t2,1.0005,0.0004531964797561783,103,11
CZ,with_t2,1.0005,0.0004531964797561783,105,8
CZ,with_t2,1.0005,0.0004531964797561783,96,6
CZ,with_t2,1.0005,0.0004531964797561783,125,14
CZ,with_t2,1.0005,0.0004531964797561783,114,12
CZ,with_t2,1.5005,0.0004531964797561783,126,15
CZ,with_t2,1.5005,0.0004531964797561783,121,15
CZ,with_t2,1.5005,0.0004531964797561783,108,12
CZ,with_t2,1.5005,0.0004531964797561783,105,7
CZ,with_t2,1.5005,0.0004531964797561783,95,8
CZ,without_t2,-1.4995,0.0004531964797561783,85,0
CZ,without_t2,-1.4995,0.0004531964797561783,92,1
CZ,without_t2,-1.4995,0.0004531964797561783,76,1
CZ,without_t2,-1.4995,0.0004531964797561783,86,0
CZ,without_t2,-1.4995,0.0004531964797561783,85,0
CZ,without_t2,-0.9995,0.0004531964797561783,80,0
CZ,without_t2,-0.9995,0.0004531964797561783,91,4
CZ,without_t2,-0.9995,0.0004531964797561783,89,2
CZ,without_t2,-0.9995,0.0004531964797561783,104,1
CZ,without_t2,-0.9995,0.0004531964797561783,83,0
CZ,without_t2,-0.4995,0.0004531964797561783,88,3
CZ,without_t2,-0.4995,0.0004531964797561783,98,4
CZ,without_t2,-0.4995,0.0004531964797561783,83,2
CZ,without_t2,-0.4995,0.0004531964797561783,95,3
CZ,without_t2,-0.4995,0.0004531964797561783,82,3
CZ,without_t2,0.0005,0.0004531964797561783,87,4
CZ,without_t2,0.0005,0.0004531964797561783,90,3
CZ,without_t2,0.0005,0.0004531964797561783,89,3
CZ,without_t2,0.0005,0.0004531964797561783,95,8
CZ,without_t2,0.0005,0.0004531964797561783,116,13
CZ,without_t2,0.5005,0.0004531964797561783,297,1061
CZ,without_t2,0.5005,0.0004531964797561783,291,1146
CZ,without_t2,0.5005,0.0004531964797561783,387,1814
CZ,without_t2,0.5005,0.0004531964797561783,1752,26115
CZ,without_t2,0.5005,0.0004531964797561783,2200,47193
CZ,without_t2,1.0005,0.0004531964797561783,2211,47905
CZ,without_t2,1.0005,0.0004531964797561783,2211,47905
CZ,without_t2,1.0005,0.0004531964797561783,2211,47905
CZ,without_t2,1.0005,0.0004531964797561783,2211,47905
CZ,without_t2,1.0005,0.0004531964797561783,2211,47905
CZ,without_t2,1.5005,0.0004531964797561783,2211,47905
CZ,without_t2,1.5005,0.0004531964797561783,2211,47905
CZ,without_t2,1.5005,0.0004531964797561783,2211,47905
CZ,without_t2,1.5005,0.0004531964797561783,2211,47905
CZ,without_t2,1.5005,0.0004531964797561783,2211,47905
AT,with_t2,-1.4026,0.09738594452398273,133,1
AT,with_t2,-1.4026,0.09738594452398273,124,0
AT,with_t2,-1.4026,0.09738594452398273,124,0
AT,with_t2,-1.4026,0.09738594452398273,121,1
AT,with_t2,-1.4026,0.09738594452398273,129,1
AT,with_t2,-0.9026,0.09738594452398273,120,0
AT,with_t2,-0.9026,0.09738594452398273,126,0
AT,with_t2,-0.9026,0.09738594452398273,125,0
AT,with_t2,-0.9026,0.09738594452398273,119,0
AT,with_t2,-0.9026,0.09738594452398273,123,0
AT,with_t2,-0.4026,0.09738594452398273,121,0
AT,with_t2,-0.4026,0.09738594452398273,123,0
AT,with_t2,-0.4026,0.09738594452398273,125,0
AT,with_t2,-0.4026,0.09738594452398273,124,0
AT,with_t2,-0.4026,0.09738594452398273,119,0
AT,with_t2,0.0974,0.09738594452398273,125,2
AT,with_t2,0.0974,0.09738594452398273,121,0
AT,with_t2,0.0974,0.09738594452398273,127,0
AT,with_t2,0.0974,0.09738594452398273,128,2
AT,with_t2,0.0974,0.09738594452398273,131,0
AT,with_t2,0.5974,0.09738594452398273,127,2
AT,with_t2,0.5974,0.09738594452398273,124,1
AT,with_t2,0.5974,0.09738594452398273,118,2
AT,with_t2,0.5974,0.09738594452398273,127,3
AT,with_t2,0.5974,0.09738594452398273,125,1
AT,with_t2,1.0974,0.09738594452398273,132,6
AT,with_t2,1.0974,0.09738594452398273,123,1
AT,with_t2,1.0974,0.09738594452398273,129,2
AT,with_t2,1.0974,0.09738594452398273,122,3
AT,with_t2,1.0974,0.09738594452398273,118,1
AT,with_t2,1.5974,0.09738594452398273,133,6
AT,with_t2,1.5974,0.09738594452398273,135,9
AT,with_t2,1.5974,0.09738594452398273,132,5
AT,with_t2,1.5974,0.09738594452398273,127,4
AT,with_t2,1.5974,0.09738594452398273,127,6
AT,without_t2,-1.4026,0.09738594452398273,133,1
AT,without_t2,-1.4026,0.09738594452398273,124,0
AT,without_t2,-1.4026,0.09738594452398273,124,0
AT,without_t2,-1.4026,0.09738594452398273,121,1
AT,without_t2,-1.4026,0.09738594452398273,129,1
AT,without_t2,-0.9026,0.09738594452398273,120,0
AT,without_t2,-0.9026,0.09738594452398273,126,0
AT,without_t2,-0.9026,0.09738594452398273,125,0
AT,without_t2,-0.9026,0.09738594452398273,119,0
AT,without_t2,-0.9026,0.09738594452398273,123,0
AT,without_t2,-0.4026,0.09738594452398273,121,0
AT,without_t2,-0.4026,0.09738594452398273,123,0
AT,without_t2,-0.4026,0.09738594452398273,125,0
AT,without_t2,-0.4026,0.09738594452398273,124,0
AT,without_t2,-0.4026,0.09738594452398273,119,0
AT,without_t2,0.0974,0.09738594452398273,125,2
AT,without_t2,0.0974,0.09738594452398273,121,0
AT,without_t2,0.0974,0.09738594452398273,127,0
AT,without_t2,0.0974,0.09738594452398273,128,2
AT,without_t2,0.0974,0.09738594452398273,131,0
AT,without_t2,0.5974,0.09738594452398273,127,2
AT,without_t2,0.5974,0.09738594452398273,124,1
AT,without_t2,0.5974,0.09738594452398273,118,2
AT,without_t2,0.5974,0.09738594452398273,127,3
AT,without_t2,0.5974,0.09738594452398273,125,1
AT,without_t2,1.0974,0.09738594452398273,132,6
AT,without_t2,1.0974,0.09738594452398273,123,1
AT,without_t2,1.0974,0.09738594452398273,129,2
AT,without_t2,1.0974,0.09738594452398273,122,3
AT,without_t2,1.0974,0.09738594452398273,118,1
AT,without_t2,1.5974,0.09738594452398273,133,6
AT,without_t2,1.5974,0.09738594452398273,135,9
AT,without_t2,1.5974,0.09738594452398273,132,5
AT,without_t2,1.5974,0.09738594452398273,127,4
AT,without_t2,1.5974,0.09738594452398273,127,6
BG,with_t2,0.0536,1.5535665465379094,175,1
BG,with_t2,0.0536,1.5535665465379094,182,1
BG,with_t2,0.0536,1.5535665465379094,182,2
BG,with_t2,0.0536,1.5535665465379094,172,0
BG,with_t2,0.0536,1.5535665465379094,172,0
BG,with_t2,0.5536,1.5535665465379094,180,2
BG,with_t2,0.5536,1.5535665465379094,179,0
BG,with_t2,0.5536,1.5535665465379094,176,1
BG,with_t2,0.5536,1.5535665465379094,174,2
BG,with_t2,1.0536,1.5535665465379094,193,3
BG,with_t2,1.0536,1.5535665465379094,181,4
BG,with_t2,1.0536,1.5535665465379094,173,0
BG,with_t2,1.0536,1.5535665465379094,183,4
BG,with_t2,1.5536,1.5535665465379094,185,8
BG,with_t2,1.5536,1.5535665465379094,185,10
BG,with_t2,1.5536,1.5535665465379094,176,7
BG,with_t2,1.5536,1.5535665465379094,180,2
BG,with_t2,1.5536,1.5535665465379094,172,3
BG,with_t2,2.0536,1.5535665465379094,182,11
BG,with_t2,2.0536,1.5535665465379094,193,14
BG,with_t2,2.0536,1.5535665465379094,189,8
BG,with_t2,2.0536,1.5535665465379094,185,9
BG,with_t2,2.0536,1.5535665465379094,191,9
BG,with_t2,2.5536,1.5535665465379094,198,14
BG,with_t2,2.5536,1.5535665465379094,187,9
BG,with_t2,2.5536,1.5535665465379094,189,11
BG,with_t2,2.5536,1.5535665465379094,185,15
BG,with_t2,2.5536,1.5535665465379094,183,6
BG,with_t2,3.0536,1.5535665465379094,194,14
BG,with_t2,3.0536,1.5535665465379094,200,22
BG,with_t2,3.0536,1.5535665465379094,202,19
BG,with_t2,3.0536,1.5535665465379094,191,13
BG,with_t2,3.0536,1.5535665465379094,195,17
BG,without_t2,0.0536,1.5535665465379094,176,1
BG,without_t2,0.0536,1.5535665465379094,180,1
BG,without_t2,0.0536,1.5535665465379094,181,2
BG,without_t2,0.0536,1.5535665465379094,175,0
BG,without_t2,0.0536,1.5535665465379094,173,0
BG,without_t2,0.5536,1.5535665465379094,179,3
BG,without_t2,0.5536,1.5535665465379094,176,0
BG,without_t2,0.5536,1.5535665465379094,175,2
BG,without_t2,0.5536,1.5535665465379094,173,2
BG,without_t2,1.0536,1.5535665465379094,194,5
BG,without_t2,1.0536,1.5535665465379094,180,5
BG,without_t2,1.0536,1.5535665465379094,174,0
BG,without_t2,1.0536,1.5535665465379094,183,6
BG,without_t2,1.5536,1.5535665465379094,186,8
BG,without_t2,1.5536,1.5535665465379094,176,8
BG,without_t2,1.5536,1.5535665465379094,178,7
BG,without_t2,1.5536,1.5535665465379094,181,10
BG,without_t2,1.5536,1.5535665465379094,178,8
BG,without_t2,2.0536,1.5535665465379094,178,11
BG,without_t2,2.0536,1.5535665465379094,187,11
BG,without_t2,2.0536,1.5535665465379094,194,11
BG,without_t2,2.0536,1.5535665465379094,185,7
BG,without_t2,2.0536,1.5535665465379094,189,6
BG,without_t2,2.5536,1.5535665465379094,218,51
BG,without_t2,2.5536,1.5535665465379094,243,94
BG,without_t2,2.5536,1.5535665465379094,269,224
BG,without_t2,2.5536,1.5535665465379094,327,452
BG,without_t2,2.5536,1.5535665465379094,454,1286
BG,without_t2,3.0536,1.5535665465379094,661,2149
BG,without_t2,3.0536,1.5535665465379094,1201,8582
BG,without_t2,3.0536,1.5535665465379094,1515,17016
BG,without_t2,3.0536,1.5535665465379094,1693,23525
BG,without_t2,3.0536,1.5535665465379094,1822,27416
PT,with_t2,0.4959,1.995949839488346,181,0
PT,with_t2,0.4959,1.995949839488346,182,1
PT,with_t2,0.4959,1.995949839488346,194,3
PT,with_t2,0.4959,1.995949839488346,185,2
PT,with_t2,0.4959,1.995949839488346,194,2
PT,with_t2,0.9959,1.995949839488346,201,8
PT,with_t2,0.9959,1.995949839488346,201,11
PT,with_t2,0.9959,1.995949839488346,194,5
PT,with_t2,0.9959,1.995949839488346,222,10
PT,with_t2,0.9959,1.995949839488346,217,10
PT,with_t2,1.4959,1.995949839488346,215,14
PT,with_t2,1.4959,1.995949839488346,194,10
PT,with_t2,1.4959,1.995949839488346,193,10
PT,with_t2,1.4959,1.995949839488346,188,10
PT,with_t2,1.4959,1.995949839488346,202,12
PT,with_t2,1.9959,1.995949839488346,205,19
PT,with_t2,1.9959,1.995949839488346,198,12
PT,with_t2,1.9959,1.995949839488346,210,18
PT,with_t2,1.9959,1.995949839488346,220,22
PT,with_t2,1.9959,1.995949839488346,209,12
PT,with_t2,2.4959,1.995949839488346,249,41
PT,with_t2,2.4959,1.995949839488346,270,67
PT,with_t2,2.4959,1.995949839488346,268,64
PT,with_t2,2.4959,1.995949839488346,247,48
PT,with_t2,2.4959,1.995949839488346,281,58
PT,with_t2,2.9959,1.995949839488346,373,157
PT,with_t2,2.9959,1.995949839488346,441,217
PT,with_t2,2.9959,1.995949839488346,472,254
PT,with_t2,2.9959,1.995949839488346,561,322
PT,with_t2,2.9959,1.995949839488346,586,342
PT,with_t2,3.4959,1.995949839488346,905,823
PT,with_t2,3.4959,1.995949839488346,980,918
PT,with_t2,3.4959,1.995949839488346,1030,947
PT,with_t2,3.4959,1.995949839488346,1070,1015
PT,with_t2,3.4959,1.995949839488346,1085,1030
PT,without_t2,0.4959,1.995949839488346,181,0
PT,without_t2,0.4959,1.995949839488346,181,1
PT,without_t2,0.4959,1.995949839488346,195,3
PT,without_t2,0.4959,1.995949839488346,186,2
PT,without_t2,0.4959,1.995949839488346,194,2
PT,without_t2,0.9959,1.995949839488346,204,11
PT,without_t2,0.9959,1.995949839488346,201,12
PT,without_t2,0.9959,1.995949839488346,194,6
PT,without_t2,0.9959,1.995949839488346,225,15
PT,without_t2,0.9959,1.995949839488346,224,13
PT,without_t2,1.4959,1.995949839488346,227,29
PT,without_t2,1.4959,1.995949839488346,202,11
PT,without_t2,1.4959,1.995949839488346,193,10
PT,without_t2,1.4959,1.995949839488346,191,16
PT,without_t2,1.4959,1.995949839488346,203,13
PT,without_t2,1.9959,1.995949839488346,3432,33494
PT,without_t2,1.9959,1.995949839488346,7280,154112
PT,without_t2,1.9959,1.995949839488346,9426,315122
PT,without_t2,1.9959,1.995949839488346,10528,435383
PT,without_t2,1.9959,1.995949839488346,11087,507607
PT,without_t2,2.4959,1.995949839488346,6501,109931
PT,without_t2,2.4959,1.995949839488346,9017,275573
PT,without_t2,2.4959,1.995949839488346,10307,408612
PT,without_t2,2.4959,1.995949839488346,10966,491239
PT,without_t2,2.4959,1.995949839488346,11291,535974
PT,without_t2,2.9959,1.995949839488346,10157,390445
PT,without_t2,2.9959,1.995949839488346,10886,480244
PT,without_t2,2.9959,1.995949839488346,11245,529306
PT,without_t2,2.9959,1.995949839488346,11425,555150
PT,without_t2,2.9959,1.995949839488346,11526,570013
PT,without_t2,3.4959,1.995949839488346,10579,440835
PT,without_t2,3.4959,1.995949839488346,11137,514216
PT,without_t2,3.4959,1.995949839488346,11364,546306
PT,without_t2,3.4959,1.995949839488346,11500,566145
PT,without_t2,3.4959,1.995949839488346,11566,575958
CH,with_t2,0.7359,2.2358962998188217,233,7
CH,with_t2,0.7359,2.2358962998188217,239,6
CH,with_t2,0.7359,2.2358962998188217,232,5
CH,with_t2,0.7359,2.2358962998188217,226,1
CH,with_t2,0.7359,2.2358962998188217,224,3
CH,with_t2,1.2359,2.2358962998188217,230,5
CH,with_t2,1.2359,2.2358962998188217,230,7
CH,with_t2,1.2359,2.2358962998188217,225,6
CH,with_t2,1.2359,2.2358962998188217,228,6
CH,with_t2,1.2359,2.2358962998188217,225,5
CH,with_t2,1.7359,2.2358962998188217,211,7
CH,with_t2,1.7359,2.2358962998188217,221,11
CH,with_t2,1.7359,2.2358962998188217,238,9
CH,with_t2,1.7359,2.2358962998188217,233,5
CH,with_t2,1.7359,2.2358962998188217,230,8
CH,with_t2,2.2359,2.2358962998188217,233,13
CH,with_t2,2.2359,2.2358962998188217,239,8
CH,with_t2,2.2359,2.2358962998188217,245,20
CH,with_t2,2.2359,2.2358962998188217,237,10
CH,with_t2,2.2359,2.2358962998188217,233,8
CH,with_t2,2.7359,2.2358962998188217,247,15
CH,with_t2,2.7359,2.2358962998188217,260,14
CH,with_t2,2.7359,2.2358962998188217,231,14
CH,with_t2,2.7359,2.2358962998188217,238,15
CH,with_t2,2.7359,2.2358962998188217,235,16
CH,with_t2,3.2359,2.2358962998188217,271,29
CH,with_t2,3.2359,2.2358962998188217,267,23
CH,with_t2,3.2359,2.2358962998188217,287,34
CH,with_t2,3.2359,2.2358962998188217,261,23
CH,with_t2,3.2359,2.2358962998188217,252,29
CH,with_t2,3.7359,2.2358962998188217,270,34
CH,with_t2,3.7359,2.2358962998188217,271,34
CH,with_t2,3.7359,2.2358962998188217,268,24
CH,with_t2,3.7359,2.2358962998188217,265,34
CH,with_t2,3.7359,2.2358962998188217,282,33
CH,without_t2,0.7359,2.2358962998188217,233,7
CH,without_t2,0.7359,2.2358962998188217,240,6
CH,without_t2,0.7359,2.2358962998188217,233,5
CH,without_t2,0.7359,2.2358962998188217,227,2
CH,without_t2,0.7359,2.2358962998188217,221,2
CH,without_t2,1.2359,2.2358962998188217,230,6
CH,without_t2,1.2359,2.2358962998188217,232,9
CH,without_t2,1.2359,2.2358962998188217,227,7
CH,without_t2,1.2359,2.2358962998188217,232,10
CH,without_t2,1.2359,2.2358962998188217,223,5
CH,without_t2,1.7359,2.2358962998188217,216,15
CH,without_t2,1.7359,2.2358962998188217,237,26
CH,without_t2,1.7359,2.2358962998188217,247,18
CH,without_t2,1.7359,2.2358962998188217,243,11
CH,without_t2,1.7359,2.2358962998188217,238,12
CH,without_t2,2.2359,2.2358962998188217,379,349
CH,without_t2,2.2359,2.2358962998188217,534,1247
CH,without_t2,2.2359,2.2358962998188217,816,3368
CH,without_t2,2.2359,2.2358962998188217,1134,7760
CH,without_t2,2.2359,2.2358962998188217,1523,13984
CH,without_t2,2.7359,2.2358962998188217,292,66
CH,without_t2,2.7359,2.2358962998188217,330,126
CH,without_t2,2.7359,2.2358962998188217,373,319
CH,without_t2,2.7359,2.2358962998188217,526,908
CH,without_t2,2.7359,2.2358962998188217,860,3132
CH,without_t2,3.2359,2.2358962998188217,4256,33004
CH,without_t2,3.2359,2.2358962998188217,8800,159451
CH,without_t2,3.2359,2.2358962998188217,11920,363785
CH,without_t2,3.2359,2.2358962998188217,13842,561575
CH,without_t2,3.2359,2.2358962998188217,15004,712315
CH,without_t2,3.7359,2.2358962998188217,10964,283467
CH,without_t2,3.7359,2.2358962998188217,13202,487412
CH,without_t2,3.7359,2.2358962998188217,14639,661656
CH,without_t2,3.7359,2.2358962998188217,15494,783377
CH,without_t2,3.7359,2.2358962998188217,16065,873190
