country,n,m,spacing_s,s_per_n2,N,hamming_mean,hamming_median,hamming_min,two_n,hamming_over_2n,hamming_over_m,chain
AL,23,28,1000,1.890359168241966,1200,43.88407005838199,44.0,27,46,0.9540015230083041,1.5672882163707853,samples_AL_calibrated.pkl
HR,24,27,1000,1.7361111111111112,1200,37.955796497080904,38.0,16,48,0.7907457603558522,1.405770240632626,samples_HR_calibrated.pkl
BA,39,46,1000,0.6574621959237343,1200,42.97581317764804,43.0,22,78,0.5509719638160006,0.9342568082097401,samples_BA_calibrated.pkl
SK,47,55,1433,0.6487098234495247,1200,57.18181818181818,57.0,34,94,0.6083172147001934,1.0396694214876032,samples_SK_calibrated.pkl
RS,51,66,1724,0.6628219915417147,1200,77.74979149291076,78.0,48,102,0.7622528577736349,1.1780271438319811,samples_RS_fixed_calibrated.pkl
CZ,67,90,3181,0.7086210737357986,1200,108.29107589658048,108.0,73,134,0.8081423574371678,1.203234176628672,samples_CZ_calibrated.pkl
AT,113,124,10176,0.7969300650011747,1200,129.4837364470392,130.0,97,226,0.5729368869338018,1.0442236810245098,samples_AT_calibrated.pkl
BG,153,181,19851,0.8480071767269,1200,247.59216013344454,248.0,209,306,0.8091247063184462,1.367912486925108,samples_BG_calibrated.pkl
PT,153,214,19851,0.8480071767269,1200,293.47789824854044,293.0,235,306,0.9590780988514394,1.3713920478903758,samples_PT_calibrated.pkl
RO,169,201,24699,0.8647806449354014,1200,260.07172643869893,260.0,215,338,0.7694429776292868,1.2938891862621837,samples_RO_calibrated.pkl
CH,185,235,30119,0.8800292184075967,1200,322.95412844036696,323.0,263,370,0.8728489957847756,1.374272886980285,samples_CH_calibrated.pkl
PL,246,338,56163,0.9280686099543922,1200,519.9683069224353,520.0,453,492,1.0568461522813726,1.5383677719598678,samples_PL_calibrated.pkl
IT,572,729,350195,1.0703304562570297,1100,1108.6305732484077,1108.0,1018,1144,0.9690826689234333,1.5207552445108474,samples_IT_calibrated.pkl
DE,780,1010,683000,1.1226166995397764,1100,1562.4649681528663,1562.0,1460,1560,1.0015801077902988,1.5469950179731349,samples_DE_calibrated.pkl
ES,1066,1307,1335532,1.1752760578551087,1100,1741.6624203821657,1742.0,1591,2132,0.8169148313237174,1.332564973513516,samples_ES_calibrated.pkl
